qid,docno,label,iteration
28,6492,5,0
28,50060,5,0
28,54375,5,0
28,11958,5,0
28,51985,5,0
28,16912,4,0
28,3719,5,0
28,2911,5,0
28,21622,5,0
28,53872,5,0
28,24002,5,0
28,38693,5,0
28,45011,5,0
28,18691,5,0
28,4943,5,0
28,24566,5,0
28,30010,4,0
28,901,5,0
28,22360,5,0
28,14531,4,0
28,10587,5,0
28,51109,4,0
28,27196,5,0
28,3127,5,0
28,12854,5,0
13,12854,3,0
28,34703,5,0
28,21882,5,0
28,31614,5,0
28,46673,5,0
28,2602,5,0
28,7811,3,0
28,7870,5,0
28,8185,5,0
28,21987,4,0
28,9100,3,0
28,13011,5,0
28,27419,4,0
28,35448,5,0
28,10189,5,0
28,26064,5,0
28,50066,5,0
28,34422,4,0
28,55706,5,0
28,17720,5,0
28,8284,5,0
28,43596,5,0
28,48198,3,0
28,39310,4,0
28,47155,3,0
5,47155,4,0
28,48995,5,0
28,45585,4,0
28,49315,3,0
28,9180,5,0
28,9322,5,0
28,52296,5,0
28,46913,5,0
28,22347,5,0
28,55130,5,0
28,19490,5,0
28,14381,5,0
28,23746,5,0
28,30338,5,0
28,53723,4,0
28,54437,5,0
28,11211,5,0
28,8824,5,0
28,54307,5,0
28,30889,5,0
28,21277,5,0
28,44590,5,0
28,53528,5,0
28,21418,3,0
28,13631,5,0
28,33190,5,0
28,52599,5,0
28,40978,5,0
28,47183,4,0
28,56135,5,0
28,48660,5,0
28,52792,4,0
28,27807,4,0
28,25427,3,0
28,12400,5,0
28,35745,4,0
28,17749,4,0
28,28899,5,0
28,3208,5,0
28,13893,4,0
28,42968,5,0
28,3402,5,0
28,37367,5,0
28,50102,5,0
28,24756,5,0
28,18872,5,0
28,22476,5,0
28,52374,5,0
28,48109,5,0
28,15594,5,0
2,15594,4,0
28,19616,3,0
28,24753,5,0
28,3291,5,0
28,49510,4,0
28,11483,4,0
28,45802,4,0
28,987,3,0
5,987,5,0
28,33373,5,0
28,18922,4,0
28,41010,4,0
28,18475,4,0
28,26348,3,0
10,42555,5,0
10,4363,5,0
10,8651,5,0
11,8651,5,0
10,51624,5,0
11,51624,5,0
10,16397,5,0
10,43636,5,0
10,38873,5,0
10,35439,5,0
10,29728,5,0
10,11356,5,0
10,34384,3,0
10,33814,5,0
10,43831,5,0
10,17284,5,0
10,52299,4,0
10,17199,3,0
10,16712,4,0
10,42528,5,0
10,36704,5,0
9,36704,3,0
10,831,5,0
10,49583,5,0
10,27536,5,0
10,26007,4,0
10,16038,3,0
10,18893,5,0
10,41434,5,0
10,27608,5,0
10,19261,4,0
10,52238,4,0
10,35879,5,0
10,21292,3,0
10,26316,4,0
10,53342,3,0
10,48992,4,0
10,50671,3,0
10,48329,5,0
10,2893,5,0
10,41492,4,0
10,52903,4,0
10,50182,3,0
10,27924,5,0
10,24529,5,0
10,5163,4,0
10,30907,4,0
10,22496,5,0
10,34086,5,0
10,10799,5,0
10,43289,5,0
10,35388,3,0
10,47366,5,0
10,5599,5,0
10,14255,5,0
10,12833,4,0
10,33980,5,0
10,33545,5,0
10,41737,4,0
10,3144,4,0
9,3144,3,0
10,28867,3,0
10,39841,3,0
10,36155,4,0
10,15614,4,0
10,24442,3,0
10,39797,3,0
10,49942,4,0
10,33823,4,0
10,38660,4,0
10,45175,3,0
10,10230,5,0
10,7946,5,0
10,54828,5,0
10,21504,5,0
10,51614,5,0
10,15064,4,0
10,25721,4,0
10,258,4,0
10,10393,4,0
10,55188,5,0
10,52913,4,0
10,25226,4,0
10,36150,5,0
10,43734,5,0
10,45597,4,0
10,14259,5,0
10,33535,5,0
10,55925,5,0
10,25876,3,0
10,48134,5,0
10,4170,4,0
10,13379,4,0
10,51056,3,0
30,51056,5,0
10,4818,4,0
10,23433,4,0
10,4043,4,0
10,29969,3,0
10,0,5,0
14,0,0,0
9,0,5,0
10,6024,4,0
10,24112,3,0
10,51691,3,0
10,7225,3,0
10,35256,3,0
10,22159,3,0
10,40225,3,0
10,40637,5,0
10,22495,4,0
10,1784,4,0
10,49712,4,0
10,303,4,0
10,36275,3,0
10,43909,4,0
10,50006,3,0
23,16869,3,0
23,37908,4,0
23,11049,4,0
23,17391,5,0
23,39388,5,0
23,53823,4,0
23,40237,4,0
23,43283,3,0
23,15226,5,0
23,18655,5,0
23,824,5,0
9,824,3,0
23,26708,4,0
23,15101,5,0
9,15101,3,0
23,34742,4,0
23,33491,4,0
23,16539,4,0
23,16889,4,0
23,6170,5,0
9,6170,4,0
23,52984,5,0
23,25474,4,0
23,45123,5,0
23,7621,5,0
23,28362,5,0
23,11210,5,0
23,20257,4,0
23,54181,4,0
23,46042,4,0
23,2276,5,0
9,2276,2,0
23,46246,5,0
9,46246,2,0
23,28133,5,0
23,19917,5,0
23,9224,5,0
23,54606,5,0
23,4049,5,0
23,39583,4,0
23,15867,5,0
23,597,5,0
23,18465,5,0
23,10492,4,0
23,28904,5,0
23,16176,5,0
23,11748,5,0
23,13816,4,0
23,45991,5,0
23,17614,4,0
23,15176,5,0
23,17148,4,0
23,44888,5,0
23,39744,5,0
23,11004,5,0
23,11548,4,0
23,17662,3,0
23,2175,3,0
23,167,4,0
23,48128,5,0
23,32601,5,0
23,14628,5,0
23,22002,4,0
23,47221,4,0
23,30227,4,0
23,22085,5,0
23,56450,5,0
23,1110,4,0
23,27999,5,0
23,32003,4,0
23,36558,5,0
23,42336,5,0
23,15664,5,0
11,15664,3,0
23,46179,5,0
7,46179,4,0
6,46179,2,0
8,46179,1,0
23,21999,4,0
23,48522,5,0
23,52700,5,0
23,10398,5,0
23,17602,4,0
23,14306,4,0
23,48779,4,0
23,41374,4,0
23,54598,4,0
23,47734,4,0
23,24385,4,0
23,6772,5,0
23,25163,4,0
23,18870,3,0
23,41009,4,0
23,1450,4,0
23,53981,3,0
23,39341,5,0
9,39341,3,0
23,53009,4,0
23,50961,5,0
23,17262,4,0
23,37856,4,0
23,18783,3,0
23,55854,4,0
23,49167,4,0
23,5566,4,0
23,10243,4,0
23,24550,4,0
23,34206,4,0
23,25616,3,0
23,30621,4,0
23,967,4,0
23,25059,3,0
23,30385,4,0
23,8022,4,0
23,53549,5,0
23,558,3,0
23,7040,4,0
23,42816,4,0
23,28285,4,0
23,33967,4,0
26,33967,3,0
7,32474,5,0
6,32474,2,0
8,32474,1,0
7,29928,3,0
6,29928,2,0
8,29928,1,0
7,22017,5,0
6,22017,2,0
8,22017,1,0
7,48887,5,0
6,48887,2,0
8,48887,1,0
7,37674,5,0
6,37674,2,0
8,37674,2,0
7,52876,4,0
6,52876,2,0
8,52876,2,0
7,2329,4,0
6,2329,2,0
8,2329,1,0
7,32652,5,0
6,32652,2,0
8,32652,1,0
7,10877,4,0
6,10877,2,0
8,10877,1,0
7,43459,4,0
6,43459,2,0
8,43459,1,0
7,20828,5,0
6,20828,2,0
8,20828,1,0
7,29238,3,0
6,29238,2,0
8,29238,1,0
7,52745,5,0
6,52745,2,0
8,52745,1,0
7,47264,4,0
6,47264,2,0
8,47264,1,0
7,30376,4,0
6,30376,2,0
8,30376,1,0
7,27055,4,0
16,27055,4,0
6,27055,2,0
8,27055,1,0
7,57044,4,0
6,57044,2,0
8,57044,1,0
7,45047,5,0
6,45047,2,0
8,45047,1,0
7,31380,5,0
6,31380,2,0
8,31380,1,0
7,12249,4,0
6,12249,2,0
8,12249,1,0
7,49941,5,0
6,49941,2,0
8,49941,1,0
7,9986,5,0
6,9986,2,0
8,9986,1,0
7,33305,5,0
6,33305,2,0
8,33305,1,0
7,13513,5,0
6,13513,2,0
8,13513,1,0
7,18580,4,0
6,18580,2,0
8,18580,1,0
7,32134,5,0
6,32134,2,0
8,32134,1,0
7,20620,5,0
6,20620,2,0
8,20620,1,0
7,548,5,0
6,548,2,0
8,548,1,0
7,25300,5,0
6,25300,2,0
8,25300,1,0
7,3055,5,0
6,3055,2,0
8,3055,1,0
7,7467,5,0
6,7467,2,0
8,7467,1,0
7,34543,4,0
6,34543,2,0
8,34543,1,0
7,32535,4,0
6,32535,2,0
8,32535,1,0
7,1103,5,0
6,1103,2,0
8,1103,1,0
7,21115,5,0
6,21115,2,0
8,21115,1,0
7,39936,4,0
6,39936,2,0
8,39936,1,0
7,34701,4,0
6,34701,2,0
8,34701,1,0
7,28828,4,0
6,28828,2,0
8,28828,1,0
7,38464,5,0
6,38464,2,0
8,38464,1,0
7,50233,4,0
6,50233,2,0
8,50233,1,0
7,3114,5,0
6,3114,1,0
8,3114,1,0
7,44220,4,0
6,44220,2,0
8,44220,1,0
7,18817,4,0
6,18817,2,0
8,18817,1,0
7,28370,5,0
6,28370,2,0
8,28370,1,0
7,34691,5,0
6,34691,1,0
8,34691,1,0
7,51111,4,0
6,51111,1,0
8,51111,1,0
7,398,5,0
6,398,1,0
8,398,1,0
7,27844,5,0
6,27844,1,0
8,27844,1,0
7,16566,5,0
6,16566,1,0
8,16566,1,0
7,15910,5,0
6,15910,1,0
8,15910,1,0
7,53954,5,0
6,53954,1,0
8,53954,1,0
7,19089,4,0
6,19089,1,0
8,19089,1,0
7,2230,4,0
6,2230,1,0
8,2230,1,0
7,54919,3,0
6,54919,2,0
8,54919,1,0
7,56799,3,0
6,56799,1,0
8,56799,1,0
7,4246,4,0
6,4246,2,0
8,4246,1,0
7,18656,5,0
6,18656,2,0
8,18656,1,0
7,1570,4,0
6,1570,1,0
8,1570,1,0
7,31289,5,0
6,31289,1,0
8,31289,1,0
7,53474,5,0
6,53474,1,0
8,53474,1,0
7,11,5,0
14,11,0,0
8,11,1,0
7,54992,5,0
8,54992,1,0
7,19570,5,0
8,19570,1,0
7,13498,3,0
8,13498,1,0
7,46926,4,0
7,51153,5,0
7,2613,4,0
7,26031,5,0
7,30164,5,0
7,52649,5,0
7,606,5,0
7,40188,5,0
7,1877,4,0
7,27058,2,0
7,53376,5,0
7,24427,4,0
7,43417,4,0
7,33691,4,0
7,11009,4,0
7,42420,5,0
7,45998,4,0
7,41647,3,0
7,4914,4,0
7,670,5,0
7,35904,5,0
7,47522,5,0
7,16948,5,0
7,25708,4,0
7,56889,4,0
7,54594,4,0
7,30464,5,0
7,2423,5,0
7,38468,5,0
7,18955,4,0
7,36661,4,0
7,33479,4,0
7,22958,4,0
7,46396,4,0
7,19953,4,0
7,22987,4,0
7,23747,4,0
7,8143,4,0
7,8088,5,0
7,47818,4,0
7,3251,4,0
7,56513,4,0
7,46954,3,0
7,56497,4,0
7,41327,3,0
5,29143,4,0
24,29143,3,0
5,21126,5,0
5,47512,4,0
5,32415,3,0
5,56783,3,0
5,744,5,0
24,744,3,0
5,8408,5,0
5,25556,5,0
5,49935,4,0
24,49935,3,0
5,11037,3,0
5,39130,5,0
5,29554,5,0
5,52919,5,0
5,30781,5,0
5,38706,5,0
5,48141,5,0
5,24121,5,0
5,49643,4,0
5,2968,5,0
5,35746,5,0
5,10672,5,0
5,19733,4,0
24,19733,2,0
5,1810,5,0
5,253,5,0
5,2257,5,0
5,12086,5,0
5,30028,5,0
5,48936,4,0
5,12797,5,0
5,32333,5,0
24,32333,2,0
5,33419,5,0
13,33419,3,0
24,33419,3,0
5,40327,4,0
24,40327,3,0
5,4666,5,0
5,5924,5,0
5,27182,5,0
5,39674,4,0
5,40136,5,0
5,32662,4,0
5,56016,5,0
5,50632,4,0
5,15610,5,0
5,54199,5,0
5,980,5,0
5,47557,4,0
5,50959,5,0
5,29986,4,0
5,36123,3,0
5,13387,4,0
5,22999,4,0
24,22999,5,0
5,30731,4,0
24,30731,2,0
5,9406,4,0
5,507,4,0
24,507,3,0
5,17837,4,0
5,10568,4,0
5,46053,4,0
5,42096,4,0
5,2749,3,0
5,53145,4,0
5,28395,5,0
5,51062,3,0
5,47805,4,0
5,37683,4,0
5,53298,3,0
5,46774,4,0
5,38082,5,0
5,31279,3,0
5,36568,3,0
5,30487,4,0
5,36719,4,0
5,5065,3,0
5,18399,3,0
5,31533,4,0
5,15095,4,0
5,21240,5,0
5,48548,4,0
5,26844,2,0
5,36915,3,0
5,33291,3,0
5,4263,4,0
5,40908,2,0
5,10706,4,0
5,38964,5,0
5,4685,5,0
24,4685,4,0
5,53046,3,0
5,8041,3,0
5,6226,4,0
24,6226,5,0
5,46133,4,0
5,27511,3,0
5,42485,4,0
5,29090,3,0
5,6324,4,0
5,35385,5,0
5,52946,2,0
5,38514,4,0
5,14166,4,0
24,14166,3,0
5,49447,3,0
5,2541,4,0
24,2541,4,0
5,33441,2,0
5,24727,3,0
5,18962,4,0
9,18962,3,0
5,14155,4,0
16,14155,5,0
5,36146,4,0
5,13969,3,0
5,9829,3,0
5,22251,4,0
5,42117,4,0
5,46754,4,0
5,48183,2,0
27,38799,5,0
27,47138,5,0
27,20205,5,0
27,26777,5,0
27,22173,4,0
27,53334,2,0
27,1062,5,0
27,43781,4,0
27,8397,4,0
27,11566,4,0
27,49087,3,0
27,56632,5,0
27,1150,5,0
27,31634,4,0
27,11222,5,0
27,6247,5,0
27,11029,5,0
27,50956,4,0
27,11484,5,0
27,36264,4,0
27,16142,3,0
27,954,5,0
27,54672,5,0
27,40248,5,0
27,2711,4,0
27,12724,4,0
27,47248,4,0
27,5770,3,0
27,12550,5,0
27,38150,3,0
27,9274,4,0
27,7439,3,0
27,12288,5,0
27,3599,4,0
27,18071,5,0
27,17230,5,0
27,24866,5,0
27,47394,3,0
27,54219,2,0
27,11615,4,0
27,31971,5,0
27,10551,4,0
27,1869,5,0
27,31720,4,0
27,29216,4,0
27,18101,3,0
27,2583,4,0
27,36140,4,0
27,15414,4,0
27,41571,4,0
27,6793,5,0
27,8052,5,0
27,11795,5,0
27,30172,5,0
27,27319,4,0
27,22862,4,0
27,10175,3,0
16,10175,5,0
27,16115,4,0
27,24983,5,0
27,44874,4,0
27,56552,5,0
27,10913,4,0
27,35652,4,0
27,1232,4,0
27,39580,4,0
27,43905,5,0
27,7262,3,0
27,23016,4,0
27,38065,4,0
27,32555,5,0
27,685,5,0
27,25069,5,0
27,49615,4,0
27,47480,4,0
27,8442,4,0
27,49827,3,0
27,25549,3,0
27,26665,3,0
27,37057,3,0
27,12699,0,0
27,10087,3,0
27,2717,3,0
27,7723,5,0
27,8309,5,0
27,15835,5,0
27,8684,5,0
27,37021,3,0
27,26500,5,0
27,49232,4,0
27,19438,4,0
27,44156,4,0
27,15715,4,0
27,23922,3,0
27,19025,5,0
27,43926,3,0
27,42821,3,0
27,51978,4,0
17,51978,4,0
18,51978,5,0
27,9207,4,0
27,4607,4,0
27,15060,3,0
27,55792,3,0
27,52979,4,0
27,22816,4,0
27,20719,5,0
27,53164,3,0
27,39006,4,0
27,13097,3,0
27,27085,3,0
27,44634,4,0
27,13047,3,0
26,33825,5,0
26,29500,5,0
26,39173,5,0
26,3193,5,0
26,48049,5,0
26,26504,4,0
26,21958,4,0
26,51,5,0
14,51,0,0
26,2249,3,0
26,4142,4,0
26,22152,4,0
26,17263,3,0
26,23647,3,0
26,98,5,0
26,499,3,0
26,33223,5,0
26,33498,3,0
26,5969,5,0
26,2210,5,0
26,54370,5,0
26,50147,4,0
26,54165,5,0
26,190,5,0
26,45882,5,0
26,567,5,0
26,42094,5,0
26,51647,4,0
26,2096,4,0
26,47552,4,0
26,19255,4,0
26,20636,3,0
26,40214,3,0
26,110,5,0
11,110,5,0
26,15340,5,0
26,22103,3,0
26,17079,4,0
26,48237,4,0
26,51450,4,0
26,10563,4,0
26,3018,4,0
26,57051,3,0
26,41120,3,0
26,40007,4,0
11,40007,5,0
26,6281,4,0
26,19284,3,0
26,2195,4,0
26,26248,4,0
26,6660,4,0
26,26255,5,0
26,33829,5,0
26,30334,3,0
26,28354,4,0
26,35240,3,0
26,53920,4,0
26,12820,4,0
26,17051,4,0
26,8592,4,0
26,52768,4,0
26,21011,3,0
11,21011,5,0
26,1080,4,0
26,33042,3,0
26,22257,5,0
26,13991,4,0
26,51909,3,0
26,56291,4,0
26,50053,3,0
26,40416,4,0
26,2897,4,0
11,2897,2,0
26,55403,5,0
26,18388,3,0
26,24391,3,0
26,8501,4,0
26,25680,3,0
26,54544,3,0
26,13881,4,0
26,19340,4,0
26,52589,4,0
26,8750,4,0
26,30518,4,0
26,9881,4,0
26,9022,3,0
26,9217,3,0
11,9217,5,0
26,49428,3,0
26,49577,3,0
26,24968,4,0
26,40522,5,0
26,19260,4,0
26,21007,4,0
26,35702,5,0
26,38054,4,0
26,7836,3,0
26,26560,2,0
26,19747,3,0
26,23864,3,0
26,40176,4,0
26,20355,4,0
26,27268,4,0
26,24985,3,0
26,32282,4,0
26,44157,4,0
26,4592,1,0
26,38079,3,0
26,38569,4,0
26,22694,2,0
26,43120,3,0
26,51845,4,0
26,46134,3,0
26,45793,4,0
26,15040,3,0
1,40092,5,0
1,31915,4,0
1,5080,3,0
1,36946,4,0
1,28698,4,0
1,33188,5,0
1,12592,5,0
1,37243,5,0
1,28638,4,0
1,46655,5,0
1,15366,4,0
1,6630,5,0
1,23620,3,0
1,48053,4,0
1,50325,5,0
1,41056,5,0
1,49561,5,0
1,22632,4,0
1,54407,4,0
1,25576,5,0
1,52856,5,0
1,56471,5,0
1,21482,5,0
1,11634,5,0
1,33218,4,0
1,3202,5,0
1,13798,5,0
21,13798,3,0
19,13798,2,0
22,13798,4,0
1,22761,5,0
1,24465,4,0
17,24465,4,0
18,24465,5,0
1,40829,5,0
1,20827,5,0
1,23132,5,0
1,39625,4,0
1,56585,5,0
1,1891,5,0
1,977,5,0
1,20698,5,0
1,45286,5,0
1,2863,5,0
1,11649,5,0
1,15977,5,0
1,4755,5,0
1,10116,5,0
1,30695,4,0
1,29359,5,0
1,52482,4,0
1,759,5,0
1,15652,4,0
1,48512,5,0
1,52205,5,0
1,23228,5,0
1,8433,5,0
1,50249,5,0
1,11610,5,0
1,6756,5,0
1,30207,5,0
1,17874,5,0
1,42723,4,0
1,56564,5,0
1,16803,4,0
1,2049,4,0
1,5799,4,0
1,12901,5,0
1,39392,4,0
1,43121,3,0
1,51407,4,0
1,47376,4,0
1,37655,4,0
1,56120,3,0
1,30669,4,0
1,29901,4,0
1,10081,4,0
1,27697,4,0
1,17879,4,0
1,38066,5,0
1,31223,4,0
1,12307,5,0
1,4443,5,0
1,23246,5,0
1,50943,4,0
1,39757,4,0
1,47148,4,0
1,30020,5,0
1,19976,5,0
1,15193,4,0
1,14317,4,0
1,26015,4,0
1,48287,5,0
1,47839,4,0
1,48236,3,0
1,23769,5,0
1,34698,5,0
1,43313,5,0
1,24487,4,0
1,41591,4,0
1,13238,4,0
1,47531,5,0
1,2121,4,0
1,10177,5,0
1,56532,5,0
1,28014,5,0
1,28708,5,0
1,43094,4,0
1,3014,3,0
1,1603,5,0
1,19455,4,0
1,11845,5,0
1,55823,5,0
1,23221,5,0
1,43788,5,0
17,36338,5,0
18,36338,3,0
17,26030,5,0
18,26030,5,0
17,15769,5,0
18,15769,5,0
17,38875,5,0
18,38875,3,0
17,53176,4,0
18,53176,4,0
17,3881,5,0
18,3881,5,0
17,11696,5,0
18,11696,4,0
17,4321,4,0
18,4321,2,0
17,34479,4,0
17,6798,5,0
18,6798,5,0
17,22203,4,0
17,55837,4,0
17,23759,5,0
17,27323,5,0
18,27323,3,0
17,18778,5,0
18,18778,4,0
17,18598,4,0
17,55600,5,0
17,24989,4,0
18,24989,5,0
17,13187,5,0
18,13187,5,0
17,581,5,0
17,30354,5,0
18,30354,3,0
17,40083,5,0
17,20597,5,0
17,11720,5,0
17,31508,5,0
18,31508,5,0
17,26222,4,0
18,26222,5,0
17,28249,3,0
18,28249,4,0
17,24148,4,0
18,24148,5,0
17,4776,3,0
18,4776,2,0
17,56006,5,0
18,56006,3,0
17,17883,5,0
17,47728,4,0
18,47728,4,0
17,7200,3,0
18,7200,4,0
17,7492,4,0
17,14319,4,0
13,14319,3,0
9,14319,4,0
17,2532,5,0
18,2532,4,0
17,6040,5,0
18,6040,4,0
17,39689,5,0
18,39689,4,0
17,11089,4,0
18,11089,4,0
12,11089,2,0
17,39440,5,0
17,49284,5,0
18,49284,5,0
17,29172,5,0
18,29172,3,0
17,35341,4,0
17,4471,4,0
17,40493,4,0
18,40493,4,0
17,23672,3,0
18,23672,5,0
17,25912,5,0
17,7374,4,0
17,52387,5,0
17,21265,5,0
17,26092,4,0
17,18284,4,0
17,51701,4,0
18,51701,5,0
17,45929,4,0
17,16170,5,0
17,55376,5,0
18,55376,4,0
17,43089,5,0
17,43889,3,0
17,13976,4,0
18,13976,3,0
17,44000,5,0
17,39611,5,0
17,7768,5,0
17,46616,4,0
18,46616,3,0
17,27589,5,0
18,27589,3,0
17,28083,5,0
17,39760,5,0
17,24003,4,0
17,25118,4,0
18,25118,5,0
17,49456,4,0
18,49456,2,0
17,32030,5,0
17,17626,4,0
17,10226,5,0
18,10226,3,0
17,12931,5,0
17,7822,4,0
17,41201,4,0
17,27492,3,0
17,7248,3,0
17,54537,4,0
17,55675,4,0
17,40217,4,0
18,40217,3,0
17,40619,3,0
18,40619,2,0
17,8482,4,0
18,8482,3,0
17,11462,5,0
18,11462,5,0
17,24463,5,0
17,4354,4,0
17,26709,3,0
18,26709,4,0
17,19648,5,0
18,19648,3,0
17,25953,5,0
18,25953,5,0
17,8235,4,0
17,48153,4,0
18,48153,5,0
17,3392,4,0
17,13414,3,0
17,38756,3,0
18,38756,3,0
17,23141,4,0
17,30855,5,0
17,13165,2,0
18,13165,3,0
17,53515,3,0
17,32061,3,0
18,32061,5,0
17,30805,4,0
17,42580,4,0
17,28439,4,0
17,52855,3,0
18,52855,4,0
17,19306,4,0
18,19306,3,0
17,39734,3,0
17,18647,3,0
17,50412,3,0
17,6795,4,0
17,27218,4,0
13,34170,4,0
13,4456,4,0
13,51948,4,0
11,51948,4,0
13,54286,4,0
13,2503,4,0
13,9951,4,0
13,18325,4,0
13,46794,5,0
13,13102,4,0
13,10442,4,0
13,9318,4,0
13,49599,5,0
13,42430,3,0
13,39922,3,0
13,46226,4,0
13,12716,3,0
13,41869,4,0
13,23862,3,0
13,30145,4,0
13,29947,5,0
13,55386,5,0
13,24349,3,0
13,48163,3,0
13,6379,3,0
13,25395,3,0
13,45731,3,0
13,55035,4,0
13,3094,3,0
13,14261,3,0
13,46491,4,0
13,13053,5,0
13,36839,4,0
13,36077,5,0
13,41679,3,0
13,55759,3,0
13,20097,3,0
13,49926,3,0
2,49926,5,0
13,35059,4,0
13,30796,4,0
13,32281,4,0
13,7115,3,0
13,49152,3,0
13,32156,3,0
13,32962,4,0
13,42402,3,0
13,27198,3,0
13,42419,4,0
13,46234,4,0
13,31770,3,0
13,47826,3,0
13,52085,3,0
13,45396,3,0
13,10728,4,0
13,23692,3,0
11,23692,5,0
13,12429,3,0
13,15739,3,0
13,8728,4,0
13,26388,3,0
13,31981,3,0
13,53473,3,0
13,31431,3,0
13,33235,3,0
13,43317,3,0
13,50315,3,0
13,43541,3,0
13,54163,3,0
13,48959,3,0
8,48959,4,0
13,9086,3,0
13,56434,3,0
13,50888,3,0
13,56432,3,0
13,9341,3,0
13,28066,3,0
13,26330,3,0
13,25340,3,0
13,24712,4,0
13,34438,4,0
13,4959,4,0
13,5468,3,0
13,44308,4,0
29,44308,5,0
13,27271,3,0
13,45210,3,0
13,19799,3,0
13,20381,3,0
13,15142,3,0
13,21695,3,0
13,35464,3,0
13,5418,3,0
13,4540,3,0
13,37777,3,0
13,5480,3,0
13,2321,3,0
13,28000,3,0
13,55078,2,0
13,20861,5,0
13,18400,4,0
13,30458,3,0
13,45996,3,0
13,40385,4,0
29,40385,5,0
13,36075,5,0
13,54539,4,0
13,39914,4,0
13,55774,4,0
13,37064,4,0
13,41196,4,0
13,29058,3,0
13,25732,3,0
21,43400,4,0
21,3008,5,0
22,3008,3,0
21,23053,5,0
19,23053,3,0
22,23053,5,0
21,38349,4,0
22,38349,4,0
21,34490,5,0
22,34490,2,0
21,23786,1,0
19,23786,0,0
22,23786,3,0
21,39793,4,0
22,39793,5,0
21,16741,3,0
21,17998,3,0
22,17998,5,0
21,41172,5,0
21,21739,3,0
21,46031,4,0
19,46031,4,0
22,46031,5,0
21,53699,3,0
21,27733,3,0
21,16499,3,0
21,19577,5,0
21,8287,4,0
21,54244,3,0
21,33066,3,0
21,3694,3,0
21,38829,3,0
22,38829,2,0
21,18483,4,0
22,18483,2,0
21,41430,3,0
22,41430,3,0
21,33115,3,0
21,51168,3,0
21,43486,4,0
21,52720,2,0
21,38879,3,0
19,38879,1,0
22,38879,3,0
21,44215,4,0
21,53229,4,0
21,37677,3,0
21,55760,3,0
19,55760,2,0
22,55760,5,0
21,17672,3,0
22,17672,5,0
21,15191,2,0
21,50417,3,0
22,50417,2,0
21,24157,3,0
22,24157,5,0
21,55336,3,0
22,55336,2,0
21,6440,3,0
21,40852,2,0
21,37273,2,0
21,8328,3,0
22,8328,4,0
21,47298,3,0
22,47298,5,0
21,29880,3,0
22,29880,2,0
21,27855,2,0
21,15000,2,0
21,9091,2,0
19,9091,4,0
22,9091,5,0
21,2116,2,0
21,51187,3,0
21,24863,3,0
21,23571,3,0
21,17283,3,0
21,32404,3,0
22,32404,5,0
21,51193,1,0
21,51526,2,0
22,51526,2,0
21,18014,2,0
22,18014,2,0
21,22593,3,0
22,22593,2,0
21,20444,3,0
21,8688,2,0
22,8688,3,0
21,17658,3,0
22,17658,4,0
21,6210,3,0
22,6210,2,0
21,29529,3,0
21,51259,2,0
21,37759,2,0
21,57040,3,0
21,34604,3,0
21,6502,3,0
21,56886,3,0
22,56886,2,0
21,1792,2,0
22,1792,4,0
21,9170,2,0
21,6649,2,0
22,6649,5,0
21,29431,2,0
22,29431,5,0
21,17460,2,0
22,17460,1,0
21,402,2,0
22,402,2,0
21,31104,2,0
21,42502,2,0
21,28821,2,0
21,43913,2,0
21,34158,3,0
21,11184,3,0
22,11184,5,0
21,30647,3,0
22,30647,5,0
21,37710,2,0
22,37710,4,0
21,1136,2,0
21,38762,2,0
22,38762,5,0
21,54719,2,0
21,17637,2,0
22,17637,3,0
21,25705,3,0
21,37038,2,0
21,19612,2,0
22,19612,4,0
21,47578,3,0
21,51018,3,0
21,47607,4,0
21,46924,4,0
21,34174,3,0
21,47939,2,0
21,26546,3,0
21,35076,3,0
21,30573,2,0
21,20034,4,0
21,17673,2,0
21,46113,2,0
22,46113,2,0
21,16663,3,0
21,33996,2,0
22,33996,4,0
21,5642,2,0
21,21113,3,0
21,53697,2,0
21,54887,2,0
21,18098,1,0
22,18098,4,0
21,41539,2,0
21,23134,2,0
22,23134,4,0
19,6598,3,0
19,13970,5,0
19,22677,5,0
19,43837,4,0
19,28136,4,0
19,23628,4,0
19,2569,4,0
19,31724,4,0
19,9564,4,0
19,53637,4,0
19,34379,5,0
19,37517,4,0
19,9594,4,0
19,18586,4,0
19,33603,4,0
22,33603,5,0
19,51639,4,0
19,45358,4,0
19,9461,4,0
19,39035,4,0
19,55377,4,0
19,36022,4,0
19,21667,4,0
19,53764,4,0
19,23849,4,0
19,26344,3,0
19,16373,4,0
19,32280,4,0
19,46650,4,0
19,48122,4,0
19,46229,4,0
19,27704,1,0
19,54482,4,0
22,54482,1,0
19,35937,3,0
19,37462,4,0
19,47260,5,0
22,47260,5,0
19,10485,5,0
19,26554,3,0
19,25683,4,0
19,39815,1,0
19,39898,1,0
19,19886,4,0
19,4695,4,0
19,34722,4,0
19,39891,4,0
19,21039,4,0
19,53503,4,0
19,38457,4,0
19,17028,4,0
19,53109,4,0
19,30192,4,0
19,43667,5,0
22,43667,5,0
19,23365,3,0
19,53725,4,0
19,34069,4,0
19,42601,4,0
19,42013,3,0
19,28460,4,0
19,2378,1,0
19,26648,4,0
19,44334,4,0
22,44334,5,0
19,29745,4,0
19,10545,4,0
19,4306,4,0
22,4306,5,0
19,27743,4,0
19,45379,4,0
19,40287,4,0
19,30694,4,0
19,47738,4,0
19,51318,4,0
19,56906,4,0
19,40888,4,0
19,128,4,0
19,25010,1,0
19,27221,4,0
19,6559,3,0
22,6559,3,0
19,39937,4,0
19,17923,4,0
29,17923,5,0
19,16707,4,0
19,40623,4,0
19,30697,1,0
22,30697,2,0
19,18396,3,0
19,27892,4,0
19,45133,4,0
19,13085,4,0
19,20679,3,0
19,55303,5,0
19,48609,2,0
19,43605,4,0
19,17341,4,0
19,25762,4,0
19,46700,3,0
22,46700,5,0
19,34446,4,0
19,33443,4,0
22,33443,5,0
19,33047,4,0
19,39396,4,0
19,31800,4,0
22,31800,5,0
19,34013,4,0
19,24655,4,0
19,52881,4,0
22,52881,5,0
19,32663,2,0
19,23866,4,0
19,44116,4,0
22,44116,5,0
19,52155,4,0
16,48514,5,0
16,2405,5,0
16,14105,5,0
16,24523,5,0
16,22767,4,0
9,22767,2,0
16,48105,5,0
16,8009,5,0
16,17364,5,0
16,37705,5,0
16,22863,5,0
16,4675,5,0
16,35413,4,0
16,12548,5,0
16,29019,5,0
16,23440,5,0
16,39363,5,0
16,40553,4,0
16,26953,4,0
16,14773,4,0
16,56833,5,0
16,49508,5,0
16,50026,4,0
16,30344,4,0
16,7785,4,0
16,4975,5,0
16,34546,4,0
16,47025,4,0
16,45702,5,0
16,13805,5,0
16,49242,5,0
16,49630,4,0
16,20157,1,0
16,2236,4,0
16,30318,4,0
16,56182,4,0
16,10526,4,0
16,36449,3,0
16,19417,4,0
16,55195,4,0
16,656,1,0
16,25171,5,0
16,36626,1,0
16,16010,3,0
16,12261,3,0
16,20414,3,0
16,49350,4,0
16,10210,4,0
16,10791,3,0
16,36660,4,0
16,34583,1,0
16,19687,5,0
16,56521,2,0
16,44730,4,0
2,44730,5,0
16,22569,4,0
16,29099,4,0
16,29344,3,0
16,9033,5,0
16,45457,5,0
16,23977,5,0
16,34054,1,0
16,50247,0,0
16,18609,0,0
16,4690,3,0
16,48443,4,0
16,29770,5,0
16,1599,3,0
16,6549,3,0
16,43920,4,0
16,54783,4,0
16,46106,1,0
16,47715,4,0
16,43069,3,0
16,626,5,0
16,30610,1,0
16,9012,3,0
16,24818,4,0
16,8096,5,0
16,22364,4,0
16,56470,3,0
16,26612,4,0
16,50394,4,0
16,32031,4,0
16,10660,5,0
16,37664,3,0
16,16831,0,0
16,57074,4,0
16,52143,1,0
9,52143,2,0
16,57081,0,0
16,27778,3,0
16,51280,3,0
16,14629,4,0
16,54805,5,0
16,18698,4,0
16,52485,2,0
16,9837,3,0
16,2617,4,0
29,2617,5,0
16,42537,5,0
16,52113,4,0
16,25214,2,0
16,43043,4,0
16,18238,2,0
16,47930,3,0
16,31362,2,0
16,32054,5,0
16,9701,4,0
16,31022,3,0
16,7730,3,0
25,32575,4,0
25,5883,5,0
25,24419,5,0
25,43261,4,0
25,26356,5,0
25,14107,5,0
25,51781,4,0
25,49154,5,0
25,53052,5,0
25,47793,5,0
25,26112,5,0
25,17084,5,0
25,820,5,0
25,56440,5,0
25,22842,5,0
25,1674,5,0
25,37151,5,0
25,56543,5,0
25,43722,4,0
25,31456,4,0
25,26795,4,0
25,53077,4,0
25,5044,5,0
25,49742,5,0
25,53785,5,0
25,28714,4,0
25,5278,5,0
25,9653,5,0
25,37220,5,0
25,2206,5,0
25,12104,5,0
25,50765,4,0
25,39358,5,0
25,10583,5,0
25,7677,5,0
25,11092,4,0
25,18009,4,0
25,51449,4,0
25,20045,4,0
25,25346,4,0
25,54695,4,0
25,39259,5,0
25,47816,5,0
25,49995,4,0
25,14612,4,0
25,19471,3,0
25,11309,4,0
25,9649,4,0
25,53894,4,0
25,50914,3,0
25,39818,4,0
25,11334,4,0
25,43503,5,0
25,14735,5,0
25,13439,5,0
25,22788,5,0
25,2288,5,0
25,1023,5,0
25,10380,4,0
25,13128,4,0
25,42594,4,0
25,36074,3,0
25,4634,4,0
25,21796,4,0
25,32351,4,0
25,8324,4,0
25,42352,3,0
25,37319,4,0
25,47964,5,0
25,140,5,0
25,30250,4,0
25,48665,4,0
25,41996,4,0
25,6728,3,0
25,13829,3,0
25,36303,4,0
25,13368,4,0
25,53711,4,0
25,20094,4,0
25,56086,4,0
25,27525,4,0
25,33387,4,0
25,16927,3,0
25,2245,4,0
25,36785,3,0
25,48182,4,0
25,19769,4,0
25,49763,4,0
25,43915,4,0
25,35736,3,0
25,25019,3,0
25,15203,3,0
25,37149,5,0
25,5062,5,0
25,1932,4,0
25,12303,4,0
25,4205,3,0
25,21601,3,0
25,55463,4,0
25,44597,3,0
25,12568,3,0
25,30474,3,0
25,6966,4,0
25,36809,4,0
25,42026,5,0
25,23475,3,0
25,27434,5,0
25,46178,5,0
25,32119,4,0
25,12302,4,0
14,52269,5,0
14,14866,5,0
14,7175,4,0
14,47623,5,0
14,39060,5,0
14,36149,5,0
14,16257,5,0
14,44057,4,0
14,36145,5,0
14,56963,5,0
14,46077,5,0
14,21382,5,0
14,43306,5,0
14,32899,5,0
14,52871,5,0
14,30799,5,0
14,36485,5,0
2,36485,5,0
14,31832,5,0
14,38531,4,0
14,21717,4,0
14,38707,5,0
14,30952,3,0
14,45594,1,0
14,30032,4,0
14,10033,4,0
14,49738,1,0
14,3369,1,0
14,33855,3,0
14,42962,1,0
14,3771,0,0
14,45933,0,0
14,16693,2,0
14,19592,2,0
14,42990,1,0
14,17669,3,0
14,46629,4,0
14,38808,1,0
14,48477,4,0
14,364,4,0
14,20563,3,0
14,40062,5,0
14,1234,1,0
14,50502,4,0
14,12710,2,0
14,1,0,0
14,2,0,0
14,3,0,0
14,4,0,0
14,5,0,0
14,6,0,0
14,7,0,0
14,8,0,0
14,9,0,0
14,10,0,0
14,12,0,0
14,13,0,0
14,14,0,0
14,15,0,0
14,16,0,0
14,17,0,0
14,18,0,0
14,19,0,0
14,20,0,0
14,21,0,0
14,22,0,0
14,23,0,0
14,24,0,0
14,25,0,0
14,26,0,0
14,27,0,0
14,28,0,0
14,29,0,0
14,30,0,0
14,31,0,0
14,32,0,0
14,33,0,0
14,34,0,0
14,35,0,0
14,36,0,0
14,37,0,0
14,38,0,0
14,39,0,0
14,40,0,0
14,41,0,0
14,42,0,0
14,43,0,0
14,44,0,0
14,45,0,0
14,46,0,0
14,47,0,0
14,48,0,0
14,49,0,0
4,49,5,0
14,50,0,0
14,52,0,0
14,53,0,0
14,54,0,0
14,55,0,0
14,56,0,0
14,57,0,0
14,58,0,0
14,59,0,0
14,60,0,0
14,61,0,0
14,62,0,0
14,63,0,0
14,64,0,0
14,65,0,0
22,16570,3,0
22,53912,5,0
22,56914,4,0
22,13921,5,0
22,32931,0,0
22,13450,3,0
22,14168,4,0
22,24636,4,0
22,2623,0,0
22,37810,4,0
22,22089,5,0
22,3433,4,0
22,18841,5,0
22,47044,5,0
22,16016,5,0
22,18224,5,0
22,26450,2,0
12,26450,2,0
22,38867,4,0
22,30574,4,0
22,33103,2,0
22,57059,4,0
22,36673,5,0
22,4280,3,0
22,530,3,0
22,44419,4,0
22,22993,4,0
22,38769,4,0
22,41359,2,0
22,41534,4,0
22,23469,4,0
22,34100,3,0
22,37240,3,0
22,24850,4,0
22,41865,4,0
22,18039,5,0
22,24684,3,0
22,21803,3,0
22,50936,3,0
22,20336,3,0
22,13376,3,0
22,29657,4,0
22,47438,3,0
22,14634,0,0
22,4058,3,0
22,38708,4,0
22,47411,4,0
22,20446,4,0
22,43911,4,0
22,24248,2,0
22,40075,0,0
22,30819,4,0
22,48075,4,0
6,49704,4,0
8,49704,4,0
6,40328,4,0
6,36965,5,0
6,36448,5,0
6,30684,2,0
6,18668,4,0
8,18668,2,0
6,36154,4,0
6,8634,1,0
6,49204,2,0
6,16400,4,0
8,16400,2,0
6,41537,4,0
6,37114,5,0
6,45612,3,0
8,45612,1,0
6,56604,5,0
6,7216,5,0
6,21629,3,0
6,13856,3,0
15,13856,5,0
6,29447,3,0
6,43209,3,0
6,45317,4,0
6,198,3,0
6,48197,2,0
6,23593,2,0
6,1735,4,0
6,41806,4,0
6,46312,4,0
6,36881,5,0
6,9967,2,0
8,9967,2,0
6,40630,3,0
6,43322,1,0
6,54874,0,0
6,53456,2,0
6,10016,1,0
6,55605,1,0
6,33676,4,0
6,16029,5,0
6,48367,4,0
6,25988,1,0
6,38627,5,0
6,2715,1,0
6,46047,2,0
6,36451,2,0
15,36451,5,0
6,13243,2,0
6,49558,1,0
6,26722,0,0
6,6572,0,0
6,32146,0,0
6,35846,1,0
6,17073,0,0
8,41020,5,0
8,47492,5,0
8,36118,5,0
8,34658,5,0
8,11786,5,0
8,40338,4,0
8,16790,5,0
8,34587,5,0
8,35987,3,0
8,40208,3,0
8,39587,2,0
8,14291,4,0
8,56118,2,0
8,17855,2,0
8,48832,4,0
8,27552,3,0
8,44133,3,0
8,31293,3,0
8,2164,3,0
8,47576,1,0
29,47576,5,0
8,56556,1,0
4,56556,3,0
8,26424,1,0
8,52028,1,0
8,37489,1,0
8,1528,1,0
8,16958,0,0
8,10805,0,0
8,1274,1,0
8,34599,0,0
8,47484,0,0
8,1031,0,0
8,9894,1,0
29,9894,5,0
8,25546,0,0
8,351,0,0
8,38751,0,0
8,19548,0,0
8,16765,0,0
8,5140,0,0
8,18926,2,0
24,19937,5,0
24,3783,5,0
24,24780,5,0
24,23194,5,0
24,73,5,0
24,229,3,0
24,40121,3,0
24,10503,5,0
24,42943,5,0
24,55612,5,0
24,1079,3,0
24,189,5,0
24,44521,2,0
24,6818,2,0
24,36454,2,0
24,16295,2,0
24,37707,2,0
24,36759,5,0
24,26536,4,0
24,33174,2,0
24,9775,5,0
24,37582,1,0
24,24019,1,0
24,19137,2,0
24,24561,4,0
24,12454,4,0
24,7900,1,0
24,34861,5,0
24,39344,4,0
24,13809,3,0
29,13809,5,0
24,19209,1,0
24,17306,2,0
24,138,3,0
24,2955,1,0
24,50231,2,0
24,37657,4,0
24,54022,2,0
24,37381,3,0
24,41663,2,0
24,29390,2,0
24,51563,2,0
24,28776,5,0
24,11064,4,0
24,37706,2,0
24,35653,0,0
24,2517,3,0
24,47378,1,0
24,6454,1,0
24,36356,2,0
24,37547,1,0
24,9529,5,0
24,32432,2,0
24,1544,2,0
24,27131,2,0
24,21763,1,0
24,5186,2,0
24,55417,4,0
24,25920,1,0
24,22798,1,0
24,7062,0,0
24,7976,0,0
24,15243,2,0
24,40049,1,0
24,47871,1,0
24,29486,4,0
24,37576,0,0
24,963,0,0
24,7996,2,0
24,13932,1,0
24,21185,1,0
24,11983,2,0
24,2446,1,0
24,9720,0,0
24,26567,2,0
24,6132,1,0
24,36472,2,0
24,45542,0,0
24,19677,0,0
24,15927,1,0
24,19138,2,0
24,38110,2,0
24,8707,1,0
24,17628,2,0
24,36239,1,0
24,50810,0,0
24,11801,1,0
24,51093,2,0
24,42685,2,0
24,17275,1,0
24,19882,4,0
24,37111,1,0
24,55529,0,0
24,49027,0,0
24,38721,0,0
24,33147,0,0
24,39336,0,0
29,10565,5,0
29,45240,5,0
29,4910,5,0
29,14853,5,0
29,5066,5,0
29,55775,5,0
29,39935,5,0
29,13811,5,0
29,21765,5,0
29,53156,5,0
29,21480,5,0
29,39453,5,0
29,33666,5,0
29,53344,5,0
29,5200,5,0
29,43946,5,0
29,37267,5,0
29,10101,5,0
29,26405,5,0
29,51696,5,0
29,50839,5,0
29,52322,5,0
29,51616,5,0
2,51616,5,0
29,39302,3,0
29,20542,4,0
29,49449,5,0
29,3443,4,0
29,38419,5,0
29,30383,5,0
29,41507,5,0
29,28917,5,0
29,12035,5,0
29,32085,5,0
29,55401,5,0
29,29772,5,0
29,1037,5,0
29,12027,5,0
29,50823,5,0
29,19603,5,0
29,32529,5,0
29,31582,5,0
29,47620,5,0
29,31327,5,0
29,32785,5,0
29,49778,5,0
29,21142,5,0
29,37581,5,0
29,18693,5,0
29,51447,5,0
29,54254,5,0
29,46652,5,0
29,47235,5,0
29,43755,2,0
29,56012,3,0
29,38335,1,0
29,1209,4,0
29,25421,4,0
29,53937,4,0
29,38997,4,0
29,30892,4,0
29,19220,4,0
29,22966,4,0
29,50664,4,0
29,27868,4,0
29,29106,5,0
4,29106,1,0
29,49214,4,0
29,32530,4,0
29,50311,4,0
29,55728,4,0
29,24475,2,0
29,7072,4,0
29,3494,4,0
29,30123,4,0
29,23199,4,0
29,4215,4,0
29,961,4,0
29,2884,5,0
29,17597,5,0
29,14690,5,0
29,39715,5,0
29,46099,5,0
29,29055,5,0
29,41005,5,0
29,46144,0,0
29,49382,5,0
29,24855,5,0
29,51767,5,0
15,51767,5,0
29,3916,5,0
29,52491,5,0
29,55189,5,0
29,34392,5,0
29,2189,5,0
29,50858,5,0
29,45604,4,0
15,45604,5,0
29,283,4,0
29,30828,4,0
29,50797,5,0
29,31061,5,0
29,43916,5,0
29,32327,5,0
29,38684,5,0
29,38836,5,0
29,30042,4,0
2,51671,5,0
2,8083,5,0
2,24172,5,0
2,15813,3,0
2,121,5,0
2,3112,2,0
2,43250,3,0
2,56938,3,0
2,23659,4,0
2,5367,5,0
2,15836,5,0
2,20901,5,0
2,46516,4,0
2,2388,5,0
2,11192,5,0
2,4794,5,0
2,49589,3,0
2,21070,3,0
2,32650,5,0
2,28642,5,0
2,49234,3,0
2,37716,3,0
2,24299,4,0
2,3149,5,0
2,10918,3,0
2,30895,3,0
2,22646,5,0
2,3476,2,0
2,48507,3,0
2,28675,3,0
2,3103,4,0
2,14679,5,0
2,47060,4,0
9,47060,3,0
2,2152,5,0
2,12739,4,0
11,12739,3,0
2,34791,5,0
2,48293,5,0
2,13729,5,0
2,24491,3,0
2,25658,3,0
2,11787,5,0
2,7660,4,0
2,21299,5,0
2,35865,3,0
2,55768,3,0
2,30391,2,0
2,26978,5,0
2,13072,3,0
2,45213,5,0
2,16073,3,0
2,10060,5,0
2,26571,4,0
2,5192,5,0
2,56445,5,0
2,38211,4,0
2,1605,4,0
2,11060,5,0
2,12626,3,0
2,2814,3,0
2,46500,2,0
2,1455,3,0
2,14220,4,0
2,32942,5,0
2,13640,4,0
2,36043,3,0
2,22799,2,0
2,25241,2,0
2,31731,5,0
2,13434,3,0
2,41266,4,0
2,43630,3,0
2,8292,3,0
2,11262,5,0
2,24518,5,0
2,23065,5,0
2,43634,3,0
2,17324,5,0
2,2895,5,0
2,49792,3,0
2,12628,3,0
2,8698,3,0
2,24715,3,0
2,34339,3,0
2,7270,3,0
2,22207,2,0
2,43013,5,0
2,4715,3,0
2,22400,2,0
2,55851,5,0
2,42897,3,0
2,15822,3,0
2,42784,4,0
2,50728,5,0
2,209,3,0
2,10207,2,0
2,28764,3,0
2,36645,5,0
2,32543,5,0
2,5224,5,0
2,36954,5,0
2,32145,5,0
2,35571,3,0
2,1481,3,0
2,51874,5,0
2,2553,4,0
11,3498,5,0
11,2774,5,0
11,26989,5,0
11,7550,5,0
11,21214,3,0
11,24059,5,0
11,469,5,0
11,24830,5,0
11,38824,5,0
11,5520,5,0
11,16024,5,0
11,44369,5,0
11,19175,5,0
11,12558,5,0
11,34639,5,0
11,30651,4,0
11,35532,5,0
11,32206,3,0
11,5560,3,0
11,38343,3,0
11,43158,3,0
11,43833,5,0
11,9814,5,0
11,41100,5,0
11,41138,5,0
11,40998,5,0
11,8435,5,0
11,51977,5,0
11,2614,5,0
11,23018,5,0
11,54399,5,0
11,16584,3,0
11,52934,2,0
11,4699,5,0
11,1459,3,0
11,23050,2,0
11,13443,5,0
11,8878,5,0
11,19778,2,0
11,40640,5,0
11,20014,5,0
11,7167,5,0
11,56848,5,0
11,26150,5,0
11,20468,5,0
11,36873,5,0
11,27788,5,0
11,45894,5,0
11,29840,4,0
11,47882,5,0
11,13360,5,0
11,54396,5,0
11,1505,5,0
11,34825,5,0
11,35171,5,0
11,3568,5,0
11,34298,3,0
11,19026,5,0
11,16192,5,0
11,26358,4,0
11,47854,4,0
11,23563,3,0
11,52067,5,0
11,35743,5,0
11,51288,5,0
11,35215,5,0
11,32267,5,0
11,44328,3,0
11,21972,5,0
11,51878,5,0
11,13776,5,0
11,49801,5,0
11,10633,5,0
11,50397,5,0
11,17350,5,0
11,1858,5,0
11,32465,4,0
11,43298,5,0
11,14225,5,0
11,36397,3,0
11,37578,5,0
11,1182,2,0
11,23599,3,0
11,19530,5,0
11,30386,5,0
11,34835,5,0
11,50864,5,0
11,21932,5,0
11,19047,5,0
11,19688,5,0
11,10218,5,0
11,7288,5,0
11,32467,5,0
11,49748,3,0
11,52171,5,0
11,27397,5,0
11,32603,3,0
11,40604,4,0
11,56946,5,0
3,40370,5,0
3,43109,5,0
3,45680,5,0
3,44044,5,0
3,1883,5,0
3,20268,5,0
3,32783,5,0
3,40641,5,0
3,31965,5,0
3,47233,5,0
3,53477,5,0
3,18181,5,0
3,54987,5,0
3,52707,5,0
3,31870,5,0
3,46257,5,0
3,33372,5,0
3,43632,5,0
3,4137,5,0
3,20781,5,0
3,3051,5,0
3,8087,5,0
3,6992,5,0
3,23386,5,0
3,16536,5,0
3,42721,5,0
3,47527,5,0
3,43677,5,0
3,29561,5,0
3,31512,5,0
3,23169,5,0
3,55884,5,0
3,31697,5,0
3,10475,5,0
3,47689,5,0
3,3382,5,0
3,53566,5,0
3,35085,5,0
3,1541,5,0
3,26303,5,0
3,10050,5,0
3,15916,5,0
3,33661,4,0
3,13464,5,0
3,11034,5,0
3,32464,5,0
3,56908,5,0
3,16723,5,0
3,51226,5,0
3,36224,5,0
3,6663,5,0
3,18884,5,0
3,21671,4,0
3,34009,5,0
3,12476,5,0
3,3401,5,0
3,29573,5,0
3,3354,5,0
3,23286,5,0
3,33777,5,0
3,26549,5,0
3,8907,5,0
3,19759,5,0
3,34250,5,0
3,36826,5,0
3,37055,5,0
3,33807,5,0
3,22525,5,0
3,20267,5,0
3,37456,4,0
3,3469,5,0
3,19927,5,0
3,19422,5,0
3,31154,5,0
3,40723,3,0
3,35361,4,0
3,33689,5,0
3,46541,5,0
3,9216,5,0
3,7485,5,0
3,49672,5,0
3,16364,5,0
3,31841,5,0
3,52096,5,0
3,49726,5,0
3,11133,5,0
3,21305,5,0
3,15008,5,0
3,2078,5,0
3,15066,5,0
3,40051,5,0
3,941,5,0
3,45571,5,0
3,43609,5,0
3,16976,5,0
3,27045,5,0
3,54327,4,0
3,33496,5,0
3,39082,5,0
3,55466,5,0
3,45809,5,0
3,36028,5,0
3,2469,5,0
3,42526,5,0
3,39085,5,0
3,14460,5,0
3,31912,5,0
3,4624,5,0
3,19126,3,0
3,49159,5,0
18,47934,5,0
18,27072,5,0
18,37701,4,0
18,56807,4,0
18,10172,5,0
18,24244,5,0
18,872,4,0
18,25035,4,0
18,19692,2,0
18,42794,5,0
18,17999,2,0
18,24350,4,0
18,38904,4,0
18,1399,4,0
18,35336,4,0
18,8758,4,0
18,10767,3,0
18,17705,3,0
18,29705,5,0
18,34745,4,0
18,27767,4,0
18,27565,5,0
18,37842,3,0
18,2411,5,0
18,4662,4,0
18,22530,4,0
18,27756,4,0
18,22626,3,0
18,24379,4,0
18,46597,3,0
18,38116,1,0
18,41137,2,0
18,10125,5,0
18,39774,4,0
18,8739,4,0
18,15803,5,0
18,27016,4,0
18,53458,4,0
18,26346,3,0
18,41854,3,0
18,10448,2,0
18,23552,2,0
18,53921,3,0
18,16144,3,0
18,20934,5,0
18,53498,4,0
18,3690,4,0
18,53336,3,0
18,19644,2,0
18,25766,5,0
18,6754,2,0
18,8654,4,0
18,29110,3,0
18,11972,2,0
18,7054,3,0
18,33939,3,0
18,50940,5,0
4,1151,5,0
4,37587,5,0
4,50458,5,0
4,1889,5,0
4,29229,5,0
4,9121,3,0
4,19404,5,0
4,37360,3,0
4,4801,5,0
4,13966,3,0
4,42330,5,0
4,37948,5,0
4,33437,5,0
4,45437,3,0
4,913,3,0
4,56336,5,0
4,51163,3,0
4,53295,4,0
4,31655,3,0
4,5242,3,0
4,19237,3,0
4,15233,2,0
4,28332,3,0
4,1991,5,0
4,46604,3,0
4,49993,3,0
4,6133,3,0
4,45873,4,0
4,25767,4,0
4,48740,4,0
4,49893,3,0
4,44985,3,0
4,46356,3,0
4,1989,5,0
4,22412,2,0
4,49432,5,0
4,21831,3,0
4,51953,3,0
4,44232,2,0
4,47561,4,0
4,7695,2,0
4,46203,3,0
4,54201,3,0
4,40491,3,0
4,47050,4,0
4,47201,2,0
4,37433,3,0
4,32104,3,0
4,35952,5,0
4,23589,3,0
4,41391,4,0
4,22326,2,0
4,3244,2,0
4,323,5,0
4,50764,2,0
4,45719,2,0
4,31805,5,0
4,46255,3,0
4,42687,2,0
4,22009,4,0
4,31985,4,0
4,52658,2,0
4,37583,4,0
4,5075,3,0
4,48913,4,0
4,24290,3,0
4,35642,2,0
4,20155,4,0
4,28719,3,0
4,39316,3,0
4,8448,2,0
4,32306,3,0
4,36286,3,0
4,40576,4,0
9,40576,1,0
4,24490,2,0
4,35052,3,0
4,37595,5,0
4,14021,2,0
4,46664,2,0
4,35590,3,0
4,26278,2,0
4,45668,4,0
4,52789,2,0
4,53589,3,0
4,51996,2,0
4,51546,4,0
4,36590,2,0
4,51594,4,0
4,37593,5,0
4,27437,3,0
4,43290,4,0
4,17656,4,0
4,5524,2,0
4,39998,2,0
20,39998,5,0
4,16306,2,0
4,1436,3,0
4,8030,2,0
4,8153,1,0
4,48852,2,0
4,43352,2,0
4,41823,3,0
4,32786,5,0
4,20681,2,0
4,19683,1,0
4,25440,2,0
4,25438,3,0
4,892,2,0
30,34102,5,0
30,42763,5,0
30,36912,5,0
30,15343,5,0
30,31848,3,0
30,56719,5,0
30,39918,5,0
30,25404,5,0
30,4994,5,0
30,47617,5,0
30,54990,5,0
12,54990,5,0
30,36391,5,0
30,32027,5,0
30,23000,5,0
30,8498,5,0
30,4343,5,0
30,39839,5,0
30,18278,5,0
30,18657,5,0
30,16592,5,0
30,34625,5,0
30,39837,5,0
30,16299,5,0
30,39836,5,0
30,30849,5,0
30,38174,5,0
30,16568,5,0
30,43573,5,0
30,54257,5,0
30,13225,5,0
30,40310,5,0
30,1553,5,0
30,3025,5,0
30,25950,5,0
30,24852,5,0
30,17468,5,0
30,22924,5,0
30,39874,5,0
30,37174,5,0
30,39544,5,0
30,33645,5,0
30,21591,5,0
30,41234,5,0
30,25412,5,0
30,13372,5,0
30,38098,5,0
30,16395,5,0
30,38222,5,0
30,9014,5,0
30,692,5,0
30,40405,5,0
30,52816,5,0
30,5118,5,0
30,23193,5,0
30,18125,5,0
30,21161,5,0
30,33210,5,0
30,40699,5,0
30,3396,5,0
30,39066,5,0
30,11135,5,0
30,888,5,0
30,22242,5,0
30,51667,3,0
30,25869,5,0
30,34022,5,0
30,10297,5,0
30,5041,5,0
30,24869,5,0
30,37091,5,0
30,42695,5,0
30,379,5,0
30,7745,3,0
30,11975,5,0
30,28021,2,0
12,28021,4,0
30,55554,5,0
30,8933,5,0
30,40939,5,0
30,20532,5,0
30,24261,5,0
30,26410,5,0
30,26836,3,0
30,6999,5,0
30,39645,5,0
30,10530,5,0
30,42540,5,0
30,20734,5,0
30,45305,5,0
30,35166,3,0
30,46383,5,0
30,14622,5,0
30,48125,4,0
30,26818,3,0
30,37860,3,0
30,5237,5,0
30,367,3,0
30,44191,3,0
30,33485,5,0
30,23325,3,0
30,14937,4,0
30,5409,3,0
30,55679,3,0
30,14362,3,0
30,30317,3,0
30,1636,3,0
30,46353,5,0
30,9630,3,0
30,10015,3,0
30,27537,3,0
9,32738,5,0
9,5392,5,0
9,31074,5,0
9,33483,5,0
9,7820,4,0
9,18153,5,0
9,52437,4,0
9,46977,3,0
9,55904,1,0
9,21630,5,0
9,48242,5,0
9,56746,4,0
9,54552,2,0
9,37279,3,0
9,28970,3,0
9,46636,5,0
9,33161,2,0
9,50896,3,0
9,37283,1,0
9,34389,1,0
9,52461,1,0
9,9038,1,0
9,23627,1,0
9,12004,1,0
9,25344,2,0
9,51984,1,0
9,53475,1,0
9,5780,4,0
9,1058,4,0
9,21124,1,0
9,27812,2,0
9,11204,1,0
9,33005,1,0
9,30361,1,0
9,40085,1,0
9,39183,1,0
9,41464,2,0
9,780,1,0
9,37455,1,0
9,49058,3,0
9,17578,2,0
9,30082,1,0
9,50605,1,0
9,47193,1,0
9,3512,1,0
9,43987,1,0
9,20292,2,0
9,26148,11,0
9,40221,3,0
9,35632,4,0
9,21888,1,0
9,11698,4,0
9,38132,1,0
9,26519,3,0
9,56389,2,0
9,36036,3,0
9,46593,1,0
9,54588,1,0
9,8223,1,0
9,5564,3,0
9,42690,1,0
9,52360,1,0
9,28975,3,0
9,17279,2,0
9,47359,1,0
9,24402,3,0
9,39129,2,0
9,42882,3,0
9,25054,3,0
9,15092,3,0
9,34535,1,0
9,43241,3,0
9,12122,1,0
9,43808,2,0
9,10912,2,0
9,4898,4,0
9,35838,3,0
9,24914,3,0
9,45960,3,0
9,26678,1,0
9,45525,1,0
9,13094,3,0
9,14095,3,0
9,52969,3,0
9,54095,11,0
9,10233,3,0
9,46513,3,0
9,4816,3,0
9,56729,1,0
9,41850,3,0
9,2296,1,0
9,54555,1,0
9,46089,2,0
9,28700,4,0
9,337,3,0
20,17798,5,0
20,7998,5,0
20,24446,5,0
20,16983,5,0
20,30565,5,0
20,17203,5,0
20,23275,5,0
20,16788,5,0
20,53640,5,0
20,8387,5,0
20,35490,5,0
20,35884,5,0
20,49876,5,0
20,22669,5,0
20,9625,5,0
20,8188,3,0
20,7686,5,0
20,29608,4,0
20,49866,5,0
20,1334,4,0
20,22925,3,0
20,27408,4,0
20,19368,3,0
20,885,4,0
20,50691,2,0
20,55584,4,0
20,31141,5,0
20,53353,5,0
20,17403,3,0
20,49083,5,0
20,38854,4,0
20,19101,3,0
20,1859,4,0
20,4346,3,0
20,15038,3,0
20,40969,4,0
20,11948,4,0
20,25583,4,0
20,17667,5,0
20,17141,4,0
20,13962,5,0
20,24841,5,0
20,1725,4,0
20,814,4,0
20,41587,4,0
20,40980,4,0
20,6252,4,0
20,2142,5,0
20,10754,4,0
20,42648,4,0
20,40172,4,0
20,41291,4,0
20,21718,3,0
20,52379,4,0
20,55251,4,0
20,9238,5,0
20,11186,3,0
20,81,3,0
20,21615,5,0
20,12090,3,0
20,11325,4,0
20,1275,5,0
20,33627,4,0
20,28558,4,0
20,6015,5,0
20,8594,4,0
20,18590,4,0
20,10636,4,0
20,50647,4,0
20,18785,3,0
20,41087,5,0
20,22201,3,0
20,47470,5,0
20,42252,4,0
20,19250,5,0
20,46837,4,0
20,18813,1,0
20,9802,3,0
20,29591,4,0
20,38485,4,0
20,734,4,0
20,26189,2,0
20,42432,4,0
20,7925,4,0
20,30618,5,0
20,5330,5,0
20,14764,5,0
20,32782,4,0
20,54911,5,0
20,786,4,0
20,27567,3,0
20,31958,5,0
20,19879,4,0
20,56803,2,0
20,41953,4,0
20,20924,4,0
20,50089,4,0
20,17967,5,0
20,46890,4,0
20,1374,4,0
20,3326,4,0
20,42080,5,0
20,24583,4,0
20,48310,4,0
20,857,4,0
20,40933,5,0
20,39128,4,0
20,1465,4,0
20,8316,4,0
15,44003,5,0
15,28052,5,0
15,55226,5,0
15,21354,5,0
15,34693,5,0
15,5789,5,0
15,38048,5,0
15,45167,3,0
15,53526,5,0
15,4691,5,0
15,15616,5,0
15,13108,5,0
15,802,5,0
15,26706,5,0
15,30054,5,0
15,19081,3,0
15,6295,5,0
15,49725,5,0
15,13264,5,0
15,53658,5,0
15,39241,5,0
15,27739,5,0
15,50644,3,0
15,26365,5,0
15,24765,4,0
15,7077,5,0
15,32128,5,0
15,39447,4,0
15,47962,5,0
15,1004,3,0
15,18156,5,0
15,37104,5,0
15,11167,5,0
15,371,5,0
15,13080,5,0
15,55090,5,0
15,8240,5,0
15,36918,5,0
15,46494,5,0
15,41116,4,0
15,32516,5,0
15,28858,5,0
15,21683,5,0
15,42652,5,0
15,19894,2,0
15,15305,5,0
15,4341,5,0
15,16017,4,0
15,34263,5,0
15,47931,5,0
15,45059,5,0
15,10586,5,0
15,49327,5,0
15,15524,5,0
15,1220,5,0
15,51291,5,0
15,26198,5,0
15,55736,3,0
15,51709,4,0
15,56458,5,0
15,41365,5,0
15,37774,5,0
15,41139,5,0
15,43341,4,0
15,3523,4,0
15,41552,5,0
15,51897,5,0
15,10483,2,0
15,32646,5,0
15,30507,4,0
15,6684,5,0
15,38456,5,0
15,17178,5,0
15,50912,5,0
15,30538,5,0
15,49735,4,0
15,42277,3,0
15,9349,4,0
15,13562,33,0
15,24484,4,0
15,48794,5,0
15,27205,3,0
15,54507,5,0
15,19309,3,0
15,9051,5,0
15,54849,5,0
15,45277,5,0
15,2010,5,0
15,20578,5,0
15,54792,5,0
15,37052,5,0
15,51661,4,0
15,25508,5,0
15,55631,3,0
15,36666,5,0
15,55588,4,0
15,22250,5,0
15,17982,4,0
15,39346,2,0
15,46776,4,0
15,3446,5,0
15,34399,2,0
15,30983,5,0
15,29966,5,0
15,28323,4,0
15,16979,2,0
12,56212,5,0
12,45627,4,0
12,32742,4,0
12,40201,5,0
12,46432,3,0
12,9209,5,0
12,44700,4,0
12,13314,4,0
12,36505,4,0
12,5532,2,0
12,20175,5,0
12,2747,1,0
12,32000,5,0
12,26471,4,0
12,18424,1,0
12,12970,4,0
12,26470,5,0
12,4005,2,0
12,21014,4,0
12,12127,4,0
12,10990,3,0
12,56054,4,0
12,4601,3,0
12,5545,5,0
12,4453,1,0
12,22253,1,0
12,1460,1,0
12,2761,3,0
12,4614,1,0
12,40107,1,0
12,43588,5,0
12,3019,3,0
12,23978,3,0
12,18456,5,0
12,9366,1,0
12,554,3,0
12,29655,4,0
12,325,5,0
12,47601,5,0
12,56857,5,0
12,2792,3,0
12,46129,2,0
12,32378,4,0
12,51086,3,0
12,12475,3,0
12,54322,1,0
12,51400,1,0
12,55239,2,0
12,46419,5,0
12,13511,1,0
12,40712,1,0
12,46156,5,0
12,44297,4,0
12,22647,5,0
12,36396,2,0
12,34114,5,0
12,41940,5,0
12,49000,3,0
12,41844,3,0
12,27867,4,0
12,18899,4,0
12,38809,2,0
12,19898,2,0
12,47501,4,0
12,52761,4,0
12,22628,1,0
12,50717,2,0
12,54883,1,0
12,22718,5,0
12,49963,3,0
12,13627,1,0
12,15159,1,0
12,44969,4,0
12,20202,1,0
12,25735,5,0
12,11147,2,0
12,40043,3,0
12,56198,2,0
12,13852,1,0
12,15198,5,0
12,40534,4,0
12,5581,3,0
12,35262,3,0
12,10319,1,0
12,19615,1,0
12,15579,1,0
12,40160,1,0
12,11482,1,0
12,45290,2,0
12,12768,1,0
12,54426,1,0
12,45128,5,0
12,2418,2,0
12,53922,2,0
12,49859,2,0
12,40585,2,0
12,255,1,0
12,22504,1,0
12,29452,1,0
12,26976,2,0
12,25887,4,0
12,18772,3,0
12,8770,1,0
12,35781,1,0
12,18991,1,0
12,12868,1,0
